"SL No.","Platform","Bus Route","Starting From","Destination","VIA"
"1","1","87","Kempegowda Bus Stand","HAMPINAGAR R.P.C. LAYOUT","MAGADI ROAD, PRASANNA, PIPELINE ROAD"
"2","1","87-A","Kempegowda Bus Stand","HAMPINAGAR R.P.C. LAYOUT","MAGADI ROAD, PRASANNA, PIPELINE ROAD, RAILWAY GATE"
"3","1","87-B","Kempegowda Bus Stand","NAYANDAHALLI RAILWAY GATE","MAGADI ROAD, PRASANNA, PIPELINE ROAD, INCOME TAX, GANGONDANAHALLI"
"4","2","61","Kempegowda Bus Stand","VIJAYANAGAR","MAGADI ROAD, PRASANNA"
"5","2","61-A","Kempegowda Bus Stand","CHANDRA LAYOUT","SUJATHA, 6TH BLOCK, PRASANNA, VIJAYANAGAR, INCOME TAX"
"6","2","61-B","Kempegowda Bus Stand","SARSWATHINAGAR (BAPOOJI LAYOUT)","MAGADI ROAD, PRASANNA, VIJAYANAGAR"
"7","2","61-C","Kempegowda Bus Stand","BCC LAYOUT","SUJATHA, 6TH BLOCK, PRASANNA, VIJAYANAGAR, ATTIGUPPE"
"8","2","61-E","Kempegowda Bus Stand","VIJAYANAGAR TTMC","SUJATHA, 6TH BLOCK, PRASANNA, VIJAYANAGAR, MARUTHI MANDIR"
"9","2","61-F","Kempegowda Bus Stand","GKW LAYOUT","SUJATHA, 6TH BLOCK, PRASANNA, VIJAYANAGAR"
"10","2","61-G","Kempegowda Bus Stand","CHANDRA LAYOUT","SUJATHA, PRASANNA, VIJAYANAGAR, INCOME TAX"
"11","2","61-G","Kempegowda Bus Stand","CHANDRA LAYOUT 1ST STAGE","SUJATHA, 6TH BLOCK, PRASANNA, VIJAYANAGAR, INCOME TAX, CHANDRA LAYOUT"
"12","2","61-M","Kempegowda Bus Stand","VIDYAGIRI LAYOUT","SUJATHA, 6TH BLOCK, PRASANNA, VIJAYANAGAR, INCOME TAX, CHANDRA LAYOUT"
"13","3","235-B","Kempegowda Bus Stand","DODDABASTI","MAGADI ROAD, PRASANNA, VIJAYANAGAR, MUDALAPALYA, NAGARBHAVI CIRCLE, MARIYAPPANAPALYA"
"14","3","235-D","Kempegowda Bus Stand","SULIKERE","MAGADI ROAD, PRASANNA, VIJAYANAGAR, MUDALAPALYA, NAGARBHAVI CIRCLE, RAMASANDRA"
"15","3","235-F","Kempegowda Bus Stand","SPORTS AUTHORITY OF INDIA","SUJATHA 6TH BLOCK, PRASANNA, VIJAYANAGAR, MUDALAPALYA, NAGARBHAVI CIRCLE, GANDHIBAVANA"
"16","3","235-K","Kempegowda Bus Stand","DODDABASTI","MAGADI ROAD, PRASANNA, VIJAYANAGAR, MUDALAPALYA, NAGARBHAVI CIRCLE, SONNENAHALLI"
"17","3","235-P","Kempegowda Bus Stand","CHIKKANAHALLI","MAGADI ROAD, PRASANNA, VIJAYANAGAR, MUDALAPALYA, NAGARBHAVI CIRCLE, SONNENAHALLI, DODDABASTI"
"18","3","235-Q","Kempegowda Bus Stand","MARUTHI NAGAR","MAGADI ROAD, PRASANNA, VIJAYANAGAR, MUDALAPALYA, BUC, ADM OFFICE, SONNENAHALLI"
"19","3","238","Kempegowda Bus Stand","NRUPATHUNGANAGAR","MAGADI ROAD, PRASANNA, VIJAYANAGAR, MUDALAPALYA, NAGARBHAVI CIRCLE"
"20","3","238-A","Kempegowda Bus Stand","NAGARBHAVI 1ST STAGE (3RD BLOCK)","MAGADI ROAD, PRASANNA, VIJAYANAGAR, INCOME TAX, CHANDRA LAYOUT, NAGARBHAVI CIRCLE"
"21","3","238-AB","Kempegowda Bus Stand","ITI LAYOUT","MAGADI ROAD, PRASANNA, VIJAYANAGAR, INCOME TAX, CHANDRA LAYOUT, NAGARBHAVI CIRCLE"
"22","3","238-C","Kempegowda Bus Stand","BANDE MARAMMA TEMPLE","MAGADI ROAD, PRASANNA, VIJAYANAGAR, MUDALAPALYA, KALYAN NAGAR"
"23","3","238-L","Kempegowda Bus Stand","AMBEDKAR COLLEGE","SUJATHA 6TH BLOCK, PRASANNA, VIJAYANAGAR, MUDALAPALYA, NAGARBHAVI CIRCLE, NRUPATHUNGANAGAR"
"24","3","238-U","Kempegowda Bus Stand","BANGALORE UNIVERSITY QUARTERS","MAGADI ROAD, PRASANNA, VIJAYANAGAR, MUDALAPALYA, NAGARBHAVI CIRCLE, MALLATHAHALLI"
"25","3","238-V","Kempegowda Bus Stand","AMBEDKAR COLLEGE","PRASANNA, VIJAYANAGAR, MUDALAPALYA, NAGARBHAVI CIRCLE"
"26","3","238-W","Kempegowda Bus Stand","NARASAPURA","MAGADI ROAD, PRASANNA, VIJAYANAGAR, MUDALAPALYA, NAGARBHAVI CIRCLE, MALLATHAHALLI"
"27","3","238-ZA","Kempegowda Bus Stand","ULLALU UPANAGARA","MAGADI ROAD, PRASANNA, VIJAYANAGAR, MUDALAPALYA, NAGARBHAVI CIRCLE, MALLATHAHALLI CROSS, VIDYANIKETAN"
"28","3","223-P","Kempegowda Bus Stand","UPKAR RESIDENCY LAYOUT","MAGADI ROAD, PRASANNA, VIJAYANAGAR, INCOME TAX, CHANDRA LAYOUT, MALLATHAHALLI CROSS, BALAJI LAYOUT"
"29","3","223-PA","Kempegowda Bus Stand","UPKAR RESIDENCY LAYOUT","MAGADI ROAD, PRASANNA, VIJAYANAGAR, INCOME TAX, CHANDRA LAYOUT, MALLATHAHALLI CROSS, BALAJI LAYOUT"
"30","4","240-D","Kempegowda Bus Stand","GOLLARAHATTI","MAGADI ROAD, PRASANNA, A DASARAHALLI, KAMAKSHIPALYA, SUNKADAKATTE"
"31","4","240-H","Kempegowda Bus Stand","G HOSAHALLI","MAGADI ROAD, PRASANNA, A DASARAHALLI, KAMAKSHIPALYA, SUNKADAKATTE, BYADARAHALLI"
"32","4","240-R","Kempegowda Bus Stand","MACHOHALLI","MAGADI ROAD, PRASANNA, A DASARAHALLI, KAMAKSHIPALYA, SUNKADAKATTE, BYADARAHALLI"
"33","4","241-B","Kempegowda Bus Stand","KENCHANAPURA","MAGADI ROAD, PRASANNA, A DASARAHALLI, KAMAKSHIPALYA, SUNKADAKATTE, KODIGENAHALLI CROSS, KANNALI"
"34","4","241-CB","Kempegowda Bus Stand","YELE KODIGENAHALLI","MAGADI ROAD, PRASANNA, A DASARAHALLI, KAMAKSHIPALYA, SUNKADAKATTE, GOLLARAHATTI"
"35","4","241-D","Kempegowda Bus Stand","BHARAT NAGAR 2ND STAGE","MAGADI ROAD, PRASANNA, A DASARAHALLI, KAMAKSHIPALYA, SUNKADAKATTE, BHARAT NAGAR 3RD STAGE"
"36","4","241-H","Kempegowda Bus Stand","MAHADESHWARA NAGAR","MAGADI ROAD, PRASANNA, A DASARAHALLI, KAMAKSHIPALYA, SUNKADAKATTE"
"37","4-A","242-B","Kempegowda Bus Stand","TAVAREKERE","MAGADI ROAD, PRASANNA, A DASARAHALLI, KAMAKSHIPALYA, SUNKADAKATTE, KADABAGRE CROSS, CHANNENAHALLI"
"38","4-A","242-CB","Kempegowda Bus Stand","THUNGANAGAR","MAGADI ROAD, PRASANNA, A DASARAHALLI, KAMAKSHIPALYA, SUNKADAKATTE, BYADARAHALLI"
"39","4-A","242-T","Kempegowda Bus Stand","HUNNIGERE","SUJATHA 6TH BLOCK, PRASANNA, KAMAKSHIPALYA, SUNKADAKATTE, TAVAREKERE, MALLASANDRA, GERALLI"
"40","4-A","242-X","Kempegowda Bus Stand","DODDERI VILLAGE","MAGADI ROAD, PRASANNA, A DASARAHALLI, SUNKADAKATTE, TAVAREKERE, HULUVENAHALLI CROSS, CHANDRAPPA CIRCLE, BYALALU"
"41","4-A","242-Z","Kempegowda Bus Stand","TIPPAGONDANAHALLI","MAGADI ROAD, PRASANNA, A DASARAHALLI, SUNKADAKATTE, TAVAREKERE, GOLLARAHATTI, MARENAHALLI, CHOLANAYAKANAHALLI TB"
"42","4-A","242-ZD","Kempegowda Bus Stand","KALLURU","MAGADI ROAD, PRASANNA, TAVAREKERE, TIPPAGONDANAHALLI, SHANUBHOGANAHALLI"
"43","4-A","243-D","Kempegowda Bus Stand","TIGALARAPALYA","MAGADI ROAD, PRASANNA, SUNKADAKATTE, TUNGANAGAR, ANDRAHALLI"
"44","4-A","243-F","Kempegowda Bus Stand","GIDADAKONENAHALLI","MAGADI ROAD, PRASANNA, SUNKADAKATTE, EAST WEST COLLEGE"
"45","4-B","265","Kempegowda Bus Stand","KBS-KBS","MAGADI ROAD, PRASANNA, KAMAKSHIPALYA, SUNKADAKATTE, HEGGANAHALLI, PEENYA 2ND STAGE, JALAHALLI CROSS, YESHWANTHPUR"
"46","4-B","265-B","Kempegowda Bus Stand","TIGALARAPALYA","MAGADI ROAD, PRASANNA, KAMAKSHIPALYA, SUNKADAKATTE, HEGGANAHALLI, PEENYA 2ND STAGE, ANDRAHALLI"
"47","4-B","265-E","Kempegowda Bus Stand","MATTIHALLI","MAGADI ROAD, PRASANNA, KAMAKSHIPALYA, SUNKADAKATTE, HEGGANAHALLI, NTTF, JALAHALLI CROSS, MARANAYAKANAHALLI"
"48","4-B","G-7","Kempegowda Bus Stand","JANAPRIYA TOWNSHIP","SUJATHA, PRASANNA, SUNKADAKATTE, GOLLARAHATTI, KADABAGERE CROSS"
"49","5","88","Kempegowda Bus Stand","BASAVESHWARANAGAR","SUJATHA TALKIES, DHOBIGHAT"
"50","5","88-A","Kempegowda Bus Stand","BASAVESHWARANAGAR, SANE GURUVANAHALLI","BHASHYAM CIRCLE, DHOBIGHAT"
"51","5","96","Kempegowda Bus Stand","BASAVESHWARANAGAR","MALLESHWARAM CIRCLE, SHANKAR MUTT"
"52","5","96-A","Kempegowda Bus Stand","BASAVESHWARANAGAR","SUJATHA TALKIES, INDUSTRIAL TOWN"
"53","5","96-B","Kempegowda Bus Stand","KAMALANAGARA","INDUSTRIAL TOWN, BASAVESHWARANAGAR"
"54","5","96-D","Kempegowda Bus Stand","KAMALANAGARA","MARIYAPPANA PALYA, SHANKAR MUTT"
"55","5","96-E","Kempegowda Bus Stand","BEML LAYOUT","MALLESHWARAM CIRCLE, MODI HOSPITAL"
"56","5","96-F","Kempegowda Bus Stand","BHEEMAJYOTHINAGAR","MALLESHWARAM CIRCLE, MARIYAPPANA PALYA"
"57","5","96-G","Kempegowda Bus Stand","SHANKARNAG BUS STAND","NAGAPPA BLOCK, NAVARANG TALKIES"
"58","6","78-A","Kempegowda Bus Stand","ISKON TEMPLE","SUJATHA, RAJAJINAGAR 1ST BLOCK"
"59","6","78-E","Kempegowda Bus Stand","YESHWANTHPUR RAILWAY STATION","SUJATHA, ISKON TEMPLE"
"60","6","80","Kempegowda Bus Stand","MAHALAKSHMI LAYOUT","SUJATHA, RAJAJINAGAR 1ST BLOCK"
"61","6","80-A","Kempegowda Bus Stand","NANDINI LAYOUT","SUJATHA, MAHALAKSHMI LAYOUT"
"62","6","80-B","Kempegowda Bus Stand","JAI MARUTHINAGARA CIRCLE","SUJATHA, RAJAJINAGAR 1ST BLOCK"
"63","6","80-C","Kempegowda Bus Stand","GORAGUNTE PALYA","ESI, MAHALAKSMI LAYOUT"
"64","6","80-D","Kempegowda Bus Stand","JAI MARUTHINAGAR","SUJATHA, RAJAJINAGAR 1ST BLOCK"
"65","6","80-E","Kempegowda Bus Stand","KRISHNANANDA NAGAR","SUJATHA, MAHALAKSHMI LAYOUT"
"66","6","80-F","Kempegowda Bus Stand","JAI BHUVANESHWARI NAGAR","SUJATHA, KANTEERAVA STUDIO"
"67","6-A","80-G","Kempegowda Bus Stand","SWATHANTHRA YODHARA NAGAR","RAJAJINAGAR 1ST BLOCK, KANTEERAVA STUDIO"
"68","6-A","80-R","Kempegowda Bus Stand","DR. RAJKUMAR PUNYA BHOOMI","SUJATHA, MAHALAKSHMI LAYOUT, SHANKARA NAGAR"
"69","6-A","80-K","Kempegowda Bus Stand","SAKAMMA LAYOUT","SUJATHA, ESI, MAHALAKSHMI LAYOUT, JAI MARUTHI NAGAR"
"70","6-A","80-L","Kempegowda Bus Stand","ASRAYA NAGAR","ESI, MAHALAKSMI LAYOUT, KANTEERAVA NAGAR"
"71","6-A","89","Kempegowda Bus Stand","KURUBARAHALLI","SUJATHA, RAJAJINAGAR 1ST BLOCK"
"72","6-A","89-A","Kempegowda Bus Stand","KAVERI NAGAR","SUJATHA, SHANKAR MUTT"
"73","6-A","89-B","Kempegowda Bus Stand","GELEYARA BALAGA","SUJATHA, RAJAJINAGAR 1ST BLOCK"
"74","6-A","89-C","Kempegowda Bus Stand","KURUBARAHALLI","ESI, RAJAJINAGAR 1ST BLOCK"
"75","6-A","89-D","Kempegowda Bus Stand","KURUBARAHALLI, JC NAGAR","CENTRAL, HARISHCHANDRAGHAT, MODI HOSPITAL"
"76","7","89-E","Kempegowda Bus Stand","KAVERI NAGAR","SUJATHA, BHEEMAJYOTHINAGAR"
"77","7","89-F","Kempegowda Bus Stand","GELEYARA BALAGA","SUJATHA, RAJAJINAGAR 1ST BLOCK"
"78","7","252-F","Kempegowda Bus Stand","PEENYA 2ND STAGE","SUJATHA, MAHALAKSHMI LAYOUT"
"79","7","252-H","Kempegowda Bus Stand","RAJEEVGHANDHI NAGAR","SUJATHA, MAHALAKSHMI LAYOUT"
"80","7","264","Kempegowda Bus Stand","JALAHALLI CROSS","ESI, KRISHNANDANAGAR"
"81","7","267-A","Kempegowda Bus Stand","CHOWDESHWARI NAGAR","MAHALAKSHMI LAYOUT, SHANKARNAGAR"
"82","8-A","45-E","Kempegowda Bus Stand","CHANNAMANNAKERE ACHUKATTU","KR MARKET, KATHRIGUPPE"
"83","8-A","45-F","Kempegowda Bus Stand","CHANNAMANNAKERE ACHUKATTU","CHAMARAJAPETE, KATHRIGUPPE"
"84","8-A","45-G","Kempegowda Bus Stand","AGS LAYOUT","HOSAKEREHALLI CROSS, ITTAMADAVU"
"85","8-B","45-H","Kempegowda Bus Stand","RAGHAVENDRA COLONY","CORPORATION, CHAMARAJAPETE"
"86","8-B","45-H","Kempegowda Bus Stand","BHUVANESHWARI NAGAR, MAHALAKSHMI TEMPLE","COTTONPETE, CHAMARAJAPETE, BSK 3RD STAGE"
"87","8-B","45-K","Kempegowda Bus Stand","DATTATREYA NAGAR","KR MARKET, GANESHABHAVANA, ITTAMADUGU"
"88","8-B","45-M","Kempegowda Bus Stand","CHANNAMMANAKERE ACHUKATTU","KR MARKET, VIVEKANANDA NAGAR"
"89","8-B","49","Kempegowda Bus Stand","RAGHAVENDRA COLONY","CORPORATION, CHAMARAJAPETE"
"90","8-B","49-B","Kempegowda Bus Stand","VITTAL NAGAR","KR MARKET, CHAMARAJAPETE"
"91","8-B","210-P","Kempegowda Bus Stand","CHIKKALLASANDRA","THYAGARAJA NAGAR, PADMANABHA NAGAR"
"92","8-B","210-W","Kempegowda Bus Stand","KARISHMA HILLS","CORPORATION, PADMANABHA NAGAR"
"93","8-B","210-X","Kempegowda Bus Stand","CHANDRA NAGAR","KR MARKET, MANOTYPE"
"94","8-B","210-Z","Kempegowda Bus Stand","NAYDU LAYOUT (CHIKKALLASANDRA)","KR MARKET, BANASHANKARI"
"95","9","210-A","Kempegowda Bus Stand","ISRO LAYOUT","KR MARKET, KUMARASWAMY LAYOUT"
"96","9","210-E","Kempegowda Bus Stand","VASANTHAPURA","TOWN HALL, UTTARAHALLI"
"97","9","210-I","Kempegowda Bus Stand","CHIKKALLASANDRA","CORPORATION, BANASHANKRI, BDA COMPLEX"
"98","9","210-J","Kempegowda Bus Stand","RAMANJENEYA LAYOUT","CORPORATION, PADMANABHA NAGAR"
"99","9","210-K","Kempegowda Bus Stand","UTTARAHALLI","CORPORATION, BANASHANKRI, BDA COMPLEX"
"100","9","210-KA","Kempegowda Bus Stand","BHARATH CO-OPERATIVE SOCIETY","KR MARKET, PADMANABHA NAGAR"
"101","9","210-NA","Kempegowda Bus Stand","POORNAPRAGNA LAYOUT","PADMANABHA NAGARA, UTTARAHALLI"
"102","10","36","Kempegowda Bus Stand","SREENAGARA","CORPORATION, LALBAGH MAIN GATE"
"103","10","36-A","Kempegowda Bus Stand","AVALAHALLI BDA PARK","KR MARKET, APEX BANK"
"104","10","36-B","Kempegowda Bus Stand","GIRINAGARA EXTENSION","CHAMARAJPETE, APEX BANK"
"105","10","36-D","Kempegowda Bus Stand","MUNESHWARA BLOCK","KR MARKET, APEX BANK"
"106","10","36-E","Kempegowda Bus Stand","GIRINAGARA","CORPORATION, APEX BANK"
"107","10","36-F","Kempegowda Bus Stand","KALIDASA LAYOUT","KR MARKET, SREENAGARA"
"108","10","36-H","Kempegowda Bus Stand","GIRINAGARA","CHAMARAJPETE, APEX BANK"
"109","10","36-G","Kempegowda Bus Stand","AVALAHALLI NEW BDA LAYOUT","KR MARKET, NAGENDRA BLOCK"
"110","10","10","Kempegowda Bus Stand","AVALAHALLI BDA PARK","CHAMARAJAPETE, ASHRAMA"
"111","11","2","Kempegowda Bus Stand","JP NAGARA 6TH PHASE","LALBAGH MAIN GATE, JAYNAGAR 4TH BLOCK"
"112","11","2-A","Kempegowda Bus Stand","JP NAGARA 1ST PHASE","CORPORATION, JAYNAGAR 4TH BLOCK"
"113","11","2-E","Kempegowda Bus Stand","JP NAGAR 6TH PHASE","LALBAGH MAIN GATE, JAYNAGAR 4TH BLOCK"
"114","11","2-G","Kempegowda Bus Stand","JP NAGARA 3RD PHASE","CORPORATION, JAYNAGAR 4TH BLOCK"
"115","11-A","210-R","Kempegowda Bus Stand","VASANTHAPURA","MONOTYPE, ISRO LAYOUT"
"116","11-A","210-U","Kempegowda Bus Stand","KUMARSWAMY LAYOUT","KR MARKET, MONOTYPE"
"117","11-A","211-B","Kempegowda Bus Stand","SOMANAHALLI","BANASHANKARI, KAGGALIPURA"
"118","11-A","211-F","Kempegowda Bus Stand","KAGGALIPURA","BANASHANKARI, KONANKUNTE CROSS"
"119","11-A","211-L","Kempegowda Bus Stand","BCC LAYOUT (RAGUVANAHALLI)","KR MARKET, CORPORATION"
"120","11-A","212-B","Kempegowda Bus Stand","MUNESHWARANAGAR","CORPORATION, BANASHANKRI"
"121","11-A","212-D","Kempegowda Bus Stand","AGARA","CORPORATION, TALAGHATTAPURA"
"122","11-A","213-Z","Kempegowda Bus Stand","HAROHALLI","KR MARKET, UDAYANAPALYA"
"123","11-B","215-R","Kempegowda Bus Stand","ESHAWARA LAYOUT","VIJAYA COLLEGE, PUTTENAHALLI"
"124","11-B","215-G","Kempegowda Bus Stand","SHRINIDHI LAYOUT (KOTTANUR)","KR MARKET, KONANAKUNTE CROSS"
"125","11-B","215-H","Kempegowda Bus Stand","JAMBUSAVARI DINNE","VIJAYA COLLEGE, KOTTANURU DINNE"
"126","11-B","215-I","Kempegowda Bus Stand","PUNJAB NATIONAL BANK LAYOUT","CORPORATION, JARAGANAHALLI"
"127","11-B","215-J","Kempegowda Bus Stand","KOTTANURU","VIJAYA COLLEGE, CHANCHAGHATTA"
"128","11-B","215-M","Kempegowda Bus Stand","VINAYAKANAGAR","CORPORATION, JAYNAGAR 5TH BLOCK"
"129","11-B","215-N","Kempegowda Bus Stand","ANJANAPURA","KR MARKET, SOUTH END CIRCLE"
"130","11-B","215-NA","Kempegowda Bus Stand","AMRUTHANAGAR","MAHILA SEVA SAMAJA ANJANAPURA"
"131","12","12","Kempegowda Bus Stand","BANASHANKARI","LALBAGH MAIN GATE, VIJAYA COLLEGE"
"132","12","12-A","Kempegowda Bus Stand","BANASHANKARI 2ND STAGE","CORPORATION, VIJAYA COLLEGE"
"133","12","12-B","Kempegowda Bus Stand","PADMANABHA NAGAR","LALBAGH MAIN GATE, BANASHANKARI 2ND STAGE"
"134","12","12-C","Kempegowda Bus Stand","PADMANABHA NAGAR","CORPORATION, VIJAYA COLLEGE, TATA SILK FARM"
"135","12","12-D","Kempegowda Bus Stand","KADIRENAHALLI PARK","CORPORATION, VIJAYA COLLEGE"
"136","12","12-E","Kempegowda Bus Stand","BANASHANKARI","CORPORATION, SOUTHEND CIRCLE"
"137","12","12-F","Kempegowda Bus Stand","CHIKKALLASANDRA","LALBAGH MAIN GATE, MANOTYPE"
"138","12","15-C","Kempegowda Bus Stand","KUMARSWAMY LAYOUT","CORPORATION, VIJAYA COLLEGE, TATA SILK FARM"
"139","12","15-E","Kempegowda Bus Stand","KUMARSWAMY LAYOUT","KR MARKET, MANOTYPE"
"140","12-A","15-G","Kempegowda Bus Stand","KUMARSWAMY LAYOUT 2ND STAGE","TOWN HALL, MANOTYPE"
"141","12-A","15-H","Kempegowda Bus Stand","JHB COLONY","CORPORATION, KADIRENAHALLI CROSS"
"142","12-A","15-J","Kempegowda Bus Stand","BANASHANKARI 2ND STAGE","KR MARKET, MANOTYPE"
"143","12-A","15-L","Kempegowda Bus Stand","MINAJ NAGAR","KR MARKET, KADIRENAHALLI CROSS"
"144","13-A","25-F","Kempegowda Bus Stand","BTM LAYOUT","CORPORATION, VIJAYA COLLEGE"
"145","13-A","25-G","Kempegowda Bus Stand","BTM LAYOUT","CORPORATION, VIJAYA COLLEGE"
"146","13-A","25-H","Kempegowda Bus Stand","KUVEMPUNAGAR","CORPORATION, LALBAGH"
"147","13-A","25-K","Kempegowda Bus Stand","JP NAGAR 4TH STAGE, DOLLAR'S COLONY","MAHARANI COLLEGE, JAYNAGAR 4TH BLOCK"
"148","13-A","25-N","Kempegowda Bus Stand","BTM 7TH MAIN ROAD","CORPORATION, ASHOKA PILLAR, JAYNAGAR 4TH BLOCK EAST"
"149","13-A","25-J","Kempegowda Bus Stand","KUVEMPUNAGAR","CORPORATION, ASHOKA PILLAR"
"150","13-A","364-A","Kempegowda Bus Stand","MICO SHRAMAJEEVI COLONY","CORPORATION, SOUTHEND CIRCLE, BILEKALLI"
"151","13-A","364-B","Kempegowda Bus Stand","DEVARACHIKKANAHALLI","CORPORATION, SOUTHEND CIRCLE, VIJAYA BANK COLONY"
"152","13-A","364-C","Kempegowda Bus Stand","VIJAYA BANK COLONY","CORPORATION, SOUTHEND CIRCLE"
"153","13-B","364-F","Kempegowda Bus Stand","NARAYANAPPANA HALLI","SHANTINAGAR, JAYADEVA HOSPITAL"
"154","13-B","364-G","Kempegowda Bus Stand","KODICHIKKANA HALLI","CORPORATION, JAYADEVA HOSPITAL"
"155","14-A","165-G","Kempegowda Bus Stand","KORAMANGALA 8TH BLOCK","CORPORATION, WILSON GARDEN"
"156","14-A","168-D","Kempegowda Bus Stand","TAVAREKERE","CORPORATION, NIMHANS"
"157","14-A","168-E","Kempegowda Bus Stand","JAI BHEEMANAGARA","CORPORATION, NIMHANS"
"158","14-A","168-F","Kempegowda Bus Stand","OLD GURAPPANAPALYA","SHANTHINAGAR, NIMHANS"
"159","14-A","171","Kempegowda Bus Stand","KORAMANGALA","CORPORATION, BANGALORE DAIRY"
"160","14-A","171-B","Kempegowda Bus Stand","KORAMANGALA 8TH BLOCK","SHANTHINAGAR, WILSON GARDEN"
"161","14-A","171-C","Kempegowda Bus Stand","KORAMANGALA KENDRIYA SADANA","NIMHANS, BANGLORE DAIRY"
"162","14-A","171-D","Kempegowda Bus Stand","VENKATAPURA","CORPORATION, BANGALORE DAIRY"
"163","14-B","171-F","Kempegowda Bus Stand","KORAMANGALA HOUSING COMPANY","SHANTI NAGAR, BANGLORE DAIRY"
"164","14-B","171-G","Kempegowda Bus Stand","KORAMANGALA","CORPORATION, HOSUR ROAD, KALYANA MANTAPA"
"165","14-B","171-H","Kempegowda Bus Stand","KORAMANGALA HOUSING COMPANY","CORPORATION, DAIRY, AUDUGODI"
"166","14-B","171-J","Kempegowda Bus Stand","KORAMANGALA","BANGLORE DAIRY, KRM, KALYANA MANTAPA"
"167","14-B","171-PP","Kempegowda Bus Stand","KORAMNAGALA","CORPORATION, DAIRY, AUDUGODI"
"168","15-D","353-C","Kempegowda Bus Stand","JIGANI","MADIVALA, RAJAPURA"
"169","15-D","354-C","Kempegowda Bus Stand","MARASUR","MADIVALA, KOODLU GATE, IGLURU"
"170","15-D","355-A","Kempegowda Bus Stand","SREERAMPURA","HEBBAGODI, MARADEVANHALLI"
"171","15-D","355-C","Kempegowda Bus Stand","JIGANI","KOODLU GATE, TEMPLE CROSS"
"172","15-D","355-Q","Kempegowda Bus Stand","DYAVASANDRA","MADIVALA, KONAPPANA AGRAHARA"
"173","15-D","356","Kempegowda Bus Stand","CHANDAPURA","SINGASANDRA, BTL COLLEGE"
"174","15-D","356-A","Kempegowda Bus Stand","TATTANAHALLI","KOODLU GATE, BYRADEVAHALLI"
"175","15-D","356-C","Kempegowda Bus Stand","ELECTRONIC CITY","SINGASANDRA, KONAPPANA AGRAHARA"
"176","15-D","356-D","Kempegowda Bus Stand","SAMPUGENAGAR","MADIVALA, HUSKURU GATE"
"177","17-D","335-A","Kempegowda Bus Stand","SATHYA SAI HOSPITAL","MILITARY HOSPITAL, MARATHAHALLI"
"178","17-D","335-F","Kempegowda Bus Stand","LAL BAHADUR SHASTRI NAGAR","MAYOHALL, HAL MAIN GATE"
"179","17-D","336-B","Kempegowda Bus Stand","KEMPAPURA","DOMLURU, YAMALURU"
"180","17-D","381","Kempegowda Bus Stand","THIMMASANDRA","HALASURU, HALAPPANAHALLI"
"181","18","131","Kempegowda Bus Stand","DOOPANAHALLI","CORPORATION, ULSOOR"
"182","18","131-B","Kempegowda Bus Stand","OLD BYAPPANAHALLI","MAYOHALL, ULSOOR"
"183","18","131-C","Kempegowda Bus Stand","DOMLURU","ULSOOR, DOOPANAHALLI"
"184","18","314-H","Kempegowda Bus Stand","DOMLURU","MALLESHPALYA"
"185","18","314-D","Kempegowda Bus Stand","INDIRANAGAR, ESI HOSPITAL","VIGNANANAGAR"
"186","18","314-B","Kempegowda Bus Stand","JEEVANABHIMA NAGAR","C.V. RAMAN NAGAR"
"187","18","138-D","Kempegowda Bus Stand","JEEVANABHIMA NAGAR","K.R. CIRCLE, ULSOOR"
"188","18-A","314-B","Kempegowda Bus Stand","C.V. RAMAN NAGAR","HALASURU, NAGAVARAPALYA"
"189","18-A","314-D","Kempegowda Bus Stand","288 VIGNYANA NAGAR","MAYOHALL, MALLESHPALYA"
"190","18-A","314-E","Kempegowda Bus Stand","D.R.D.O. TOWNSHIP","HALASURU, KAGGADASAPURA"
"191","18-A","314-G","Kempegowda Bus Stand","BYRASANDRA","MEYOHALLI, BEML GATE"
"192","18-A","314-H","Kempegowda Bus Stand","MALLESH PALYA","CORPORATION, THIPPASANDRA CROSS"
"193","18-A","314-T","Kempegowda Bus Stand","BASAVANAGAR","HALASURU, MALLESH PALYA"
"194","18-A","314-X","Kempegowda Bus Stand","ABBAIAREDDY LAYOUT","HALASURU, VIGNANANAGAR"
"195","18-A","314-Z","Kempegowda Bus Stand","JAGADISHANAGAR","HALASURU, BEML GATE"
"196","19","126","Kempegowda Bus Stand","JEEVANAHALLI","INDIAN EXPRESS, COLES PARK"
"197","19","129","Kempegowda Bus Stand","SHIVAJINAGAR","VIDHANA SOUDHA, INDIAN EXPRESS"
"198","19","290","Kempegowda Bus Stand","NAGAVARA","VIDHAN SOUDHA, COLES PARK"
"199","19","290-B","Kempegowda Bus Stand","NAGAVARA","INDIAN EXPRESS, CANTONMENT"
"200","19","290-T","Kempegowda Bus Stand","HBR LAYOUT 1ST STAGE","INDIAN EXPRESS, KACHAKANAHALLI"
"201","19","290-J","Kempegowda Bus Stand","MESTRI PALYA","INDIAN EXPRESS, NAGAVARA"
"202","19","291-H","Kempegowda Bus Stand","RK HEGDE NAGAR","VIDHANA SOUDHA, MUSLIM COLONY"
"203","19","291-M","Kempegowda Bus Stand","GOVINDAPURA","INDIAN EXPRESS, COLES PARK"
"204","19","302-F","Kempegowda Bus Stand","BABASAB PALYA","COLES PARK, SUBBAIAHNA PALYA"
"205","19","302-B","Kempegowda Bus Stand","JALAVAYU VIHARA","ITC FACTORY, KAMMANAHALLI"
"206","19","302-K","Kempegowda Bus Stand","LINGARAJAPURA KHB COLONY","KR CIRCLE, MARUTHISEVANAGAR"
"207","19","302-N","Kempegowda Bus Stand","KALYANANAGAR","VASANTHANAGAR, COLES PARK"
"208","19","302-A","Kempegowda Bus Stand","BABASAB PALYA","KR CIRCLE, ITC FACTORY"
"209","19-A","292-A","Kempegowda Bus Stand","K NARAYANAPURA","SHIVANANDA STORE, HEBBALA"
"210","19-A","292-B","Kempegowda Bus Stand","NAGARESH NAGENAHALLI","CONTONMENT, LINGARAJAPURA"
"211","19-A","292-C","Kempegowda Bus Stand","K NARAYANAPURA","INDIAN EXPRESS, ITC"
"212","19-A","293-N","Kempegowda Bus Stand","GEDDALAHALLI","INDIAN EXPRESS, COLES PARK"
"213","19-A","293-H","Kempegowda Bus Stand","DASANAYAKANAHALLI","INDIAN EXPRESS, BAGALURU"
"214","19-A","294-E","Kempegowda Bus Stand","BILISHIVALAYA","INDIAN EXPRESS, KACHAKANAHALLI"
"215","19-A","295-A","Kempegowda Bus Stand","DODDAGUBBI","CONTONMENT, HENNUR CROSS"
"216","19-A","295-B","Kempegowda Bus Stand","ANGALIPURA","INDIAN EXPRESS, GEDDALAHALLI"
"217","19-A","296-A","Kempegowda Bus Stand","YARABNAHALLI","PULKESHINAGAR, CHIKKAGUBBI CROSS"
"218","19-B","296-B","Kempegowda Bus Stand","HBR LAYOUT 5TH STAGE","COLES PARK, HBR LAYOUT, K.P.T.C.L. OFFICE"
"219","19-B","296-C","Kempegowda Bus Stand","KALYANANAGAR","COLES PARK, LINGARAJAPURA"
"220","19-B","296-N","Kempegowda Bus Stand","KADA AGRHARA","VASANTHANAGAR, CLARENCE SCHOOL"
"221","19-B","296-T","Kempegowda Bus Stand","HBR LAYOUT 1ST STAGE","CLARENCE SCHOL, KACHARAKANAHALLI"
"222","19-B","296-V","Kempegowda Bus Stand","HBR, BDA COMPLEX","CONTONMENT, LINGARAJAPURA"
"223","19-B","300-B","Kempegowda Bus Stand","BANASWADI","MARUTHI, SEVANAGAR"
"224","19-B","300-C","Kempegowda Bus Stand","K.R. PURAM","COLES PARK, BANASWADI"
"225","19-B","415-H","Kempegowda Bus Stand","AMARAJYOTHI LAYOUT","HEBBALA, NAGAWARA"
"226","19-C","56","Kempegowda Bus Stand","JAGAJEEVANRAM NAGAR","KR MARKET, SIRASI CIRCLE"
"227","19-C","57-A","Kempegowda Bus Stand","BAPUJINAGAR","CORPORATION, SIRASI CIRCLE"
"228","19-C","58","Kempegowda Bus Stand","TIMBER YARD LAYOUT","CORPORATION, NEW GUDDADAHALLI"
"229","19-C","58-C","Kempegowda Bus Stand","TELECOM LAYOUT","KR MARKET, BAPUJINAGAR"
"230","19-C","59-D","Kempegowda Bus Stand","NAYANDAHALLI RAILWAY GATE","KR MARKET, ATTIGUPPE"
"231","19-C","218-A","Kempegowda Bus Stand","KAMBIPURA","M.C.T.C. BUS STATION, KENGERI"
"232","19-C","221-A","Kempegowda Bus Stand","TAVAREKERE","NAYANDAHALLI, KOMMAGHATTA"
"233","19-D","222-C","Kempegowda Bus Stand","NAGADEVANAHALLI","BAPUJINAGAR, NAYANDAHALLI, KENGERI"
"234","19-D","225-CB","Kempegowda Bus Stand","B.H.E.L. LAYOUT","COTTONPETE, R.R. TEMPLE, B.H.E.L. LAYOUT CROSS"
"235","19-D","225-G","Kempegowda Bus Stand","BANGARAPPANAGAR","KR MARKET, BPUJINAGAR, DEVADIGA SOUDHA"
"236","19-D","225-H","Kempegowda Bus Stand","SHAKTI HILLS RESORTS","COTTONPETE, NAYANDAHALLI, DEVADIGA SOUDHA"
"237","19-D","405","Kempegowda Bus Stand","KEMPEGOWDA BUS STATION","COTTONPETE, R.V. COLLEGE, MALLATHAHALLI, KAMAKSHIPALYA"
"238","20-A","250-S","Kempegowda Bus Stand","GELEYARA BALAGA","YESHWANTHPUR, DASARAHALLI"
"239","20-A","250-Y","Kempegowda Bus Stand","KUDARAGERE COLONY","YESHWANTHPUR, SEEDEDAHALLI"
"240","20-A","250-SA","Kempegowda Bus Stand","KUDARAGERE","R.M.C. YARD, THOTADAGUDDAHALLI"
"241","20-A","250-CB","Kempegowda Bus Stand","MALLASANDRA","R.M.C. YARD, BAGALAGUNTE CROSS"
"242","20-A","251-B","Kempegowda Bus Stand","RAJANUKUNTE","YESHWANTHPUR, HESARAGHATTA CROSS"
"243","20-A","252","Kempegowda Bus Stand","PEENYA 2ND STAGE","YESHWANTHPUR, JALAHALLI CROSS"
"244","20-A","252-C","Kempegowda Bus Stand","MACHOHALLI","YESHWANTHPUR, SUNKADAKATTE"
"245","20-A","252-D","Kempegowda Bus Stand","RAJNI FORUM","YESHWANTHPUR, JALAHALLI CROSS"
"246","20-A","252-E","Kempegowda Bus Stand","LAGGERE","R.M.C. YARD, JALAHALLI CROSS"
"247","20-C","258-T","Kempegowda Bus Stand","KANNAMANGALA","DASARAHALLI, NELAMANGALA"
"248","20-C","258-VA","Kempegowda Bus Stand","BYRASANDRA","JALAHALLI CROSS, NELAMANGALA"
"249","20-C","258-VB","Kempegowda Bus Stand","CHIKKAMARANAHALLI","YESHWANTHPUR, NELAMANGALA"
"250","20-C","258-VD","Kempegowda Bus Stand","BETTASANDRA","JALAHALLI CROSS, NELAMANGALA"
"251","20-C","258-WA","Kempegowda Bus Stand","JODIRAGITHIMMASANDRA","YESHWANTHPUR, NELAMANGALA"
"252","20-C","261","Kempegowda Bus Stand","PEENYA 2ND STAGE","MALLESHWARAM RAILWAY STATION"
"253","20-C","263-D","Kempegowda Bus Stand","K.R.S. GOWDA LAYOUT","YESHWANTHPUR, DASARAHALLI"
"254","20-C","263-F","Kempegowda Bus Stand","BYADARAHALLI","MALLESHWARAM, NELAGEDARANAHALLI"
"255","20-C","263-G","Kempegowda Bus Stand","GANGONDANAHALLI","YESHWANTHPUR, NELAGEDARANAHALLI"
"256","21","82","Kempegowda Bus Stand","KEMPEGOWDA BUS STAND","HARISHCHANDRAGHAT, YESHWANTHPUR"
"257","21","82-A","Kempegowda Bus Stand","YESHWANTHPUR RAILWAY STATION","MALLESHWARAM, YESHWANTHPUR"
"258","21","82-C","Kempegowda Bus Stand","YESHWANTHPUR RAILWAY STATION","CENTRAL, YESHWANTHPUR"
"259","21","90-E","Kempegowda Bus Stand","YESHWANTHPUR RAILWAY STATION","CENTRAL, YESHWANTHPUR"
"260","21","98-B","Kempegowda Bus Stand","RMV 2ND STAGE","MALLESHWARAM, DEVASANDRA"
"261","21","98-E","Kempegowda Bus Stand","LAKSHMIDEVI NAGAR","YESHWANTHPUR, KANTIRAVANAGAR"
"262","21","98-F","Kempegowda Bus Stand","VIDHANASOUDHA LAYOUT","MALLESHWARAM 8TH CROSS, GORGUNTEPALYA"
"263","21","98-G","Kempegowda Bus Stand","LOTTEGOLLAHALLI","MALLESHWARAM, DEVASANDRA"
"264","21","99-B","Kempegowda Bus Stand","CHOWDESHWARI BUS STAND","MALLESHWARAM, MATTHIKERE"
"265","22","266-H","Kempegowda Bus Stand","MARASANDRA CIRCLE","MATTHIKERE, MS PALYA, DIBBUR"
"266","22","269","Kempegowda Bus Stand","RAMACHANDRAPURA","MALLESHWARAM, BEL CIRCLE"
"267","22","269-B","Kempegowda Bus Stand","VIDYARANYAPURA","MATTHIKERE, BALIGA CIRCLE"
"268","22","271","Kempegowda Bus Stand","JALAHALLI EAST AREA CAMP","BEL CIRCLE, JALAHALLI EAST"
"269","22","271-A","Kempegowda Bus Stand","ABBIGERE","MATTHIKERE, GANGAMMA CIRCLE"
"270","22","271-B","Kempegowda Bus Stand","KUVEMPUNAGAR 2ND STAGE","MATTHIKERE"
"271","22","271-C","Kempegowda Bus Stand","SINGAPURA","BEL MARKET, KUVEMPUNAGAR"
"272","22","271-D","Kempegowda Bus Stand","JALAHALLI VILLAGE","MALLESHWARAM, MUTHYALANAGAR"
"273","22","271-E","Kempegowda Bus Stand","VEERASAGARA","MALLESHWARAM, MS PALYA"
"274","22-B","276","Kempegowda Bus Stand","VIDYARANYAPURA","MALLESHWARAM, DEVASANDRA"
"275","22-B","276-C","Kempegowda Bus Stand","LOTTEGOLLAHALLI","MALLESHWARAM, DEVASANDRA"
"276","22-B","276-J","Kempegowda Bus Stand","YELAHANKA","MATHIKERE, ATTUR LAYOUT"
"277","23","279-C","Kempegowda Bus Stand","TATANAGAR","MEKHRI CIRCLE, NAGASHETTIHALLI"
"278","23","279-E","Kempegowda Bus Stand","BHOOPASANDRA","RAJMAHAL GUTTAHALLI, GEDDALAHALLI"
"279","23","279-K","Kempegowda Bus Stand","PATELAPPA LAYOUT","MEKHRI CIRCLE, ASHWATHNAGAR"
"280","23","281-F","Kempegowda Bus Stand","KANNAMANGALA GATE","MEKHRI CIRCLE, HUNASAMARANAHALLI"
"281","23","282-F","Kempegowda Bus Stand","MARANAYAKANAHALLI","HEBBAL, BETTAHALASURU CROSS"
"282","23","282-G","Kempegowda Bus Stand","KODAGALAHATTI","MEKHRI CIRCLE, YELAHANKA"
"283","23","284","Kempegowda Bus Stand","YELAHANKA","MEKHRI CIRCLE, BYATARAYANAPURA"
"284","23","284-C","Kempegowda Bus Stand","NYAYANGA BADAVANE","RAJMAHAL GUTTAHALLI, ALLALASANDRA"
"285","23","415-H","Kempegowda Bus Stand","AMARJYOTHI LAYOUT","HEBBALA, NAGAVARA"
"286","23-A","284-D","Kempegowda Bus Stand","YELAHANKA NEW TOWN","RAJMAHAL GUTTAHALLI, BYATARAYANAPURA"
"287","23-A","285-M","Kempegowda Bus Stand","DODDABALLAPURA","BYATARAYANAPURA, RAJANUKUNTE"
"288","23-A","286-F","Kempegowda Bus Stand","K NARAYANAPURA","HEBBALA, BYATARAYANAPURA"
"289","23-A","286-G","Kempegowda Bus Stand","JAKKUR","MEKHRI CIRCLE, BYATARAYANAPURA"
"290","23-A","287-G","Kempegowda Bus Stand","COFFEE BOARD LAYOUT","MEKHRI CIRCLE, MILITARY DAIRY FORUM"
"291","23-A","287-J","Kempegowda Bus Stand","CHAMUNDESHWARINAGAR","RAJMAHAL GUTTAHALLI, HEBBAL"
"292","23-A","288-D","Kempegowda Bus Stand","KODIGEHALLI","MEKHRI CIRCLE, HEBBAL"
"293","23-A","288-G","Kempegowda Bus Stand","KODIGEHALLI CANARA BANK COLONY","MEKHRI CIRCLE, HEBBAL"
"294","23-B","288-H","Kempegowda Bus Stand","THINDLU","MEKHRI CIRCLE, SANJEEVINI NAGAR"
"295","23-B","289-M","Kempegowda Bus Stand","BEGUR","MEKHRI CIRCLE, YELAHANKA"
"296","23-B","297-G","Kempegowda Bus Stand","NERAGANAHALLI","HEBBALA, SADAHALLI"
"297","23-B","298-G","Kempegowda Bus Stand","ERATAGANAHALLI","HEBBAL, CHIKKAJALA"
"298","23-B","298-M","Kempegowda Bus Stand","DEVANAHALLI","YELAHANKA, CHIKKAJALA"
"299","23-B","298-MA","Kempegowda Bus Stand","BOMMAVARA","HEBBAL, KANNAMANGALA GATE"
"300","23-B","402-B","Kempegowda Bus Stand","YELAHANKA NEW TOWN 5TH STAGE","HEBBAL, YELAHANKA NEW TOWN"
"301","23-C","297-J","Kempegowda Bus Stand","NERAGANAHALLI","HEBBALA, SADAHALLI"
"302","23-C","298-G","Kempegowda Bus Stand","ERATAGANAHALLI","HEBBALA, CHIKKAJALA"
"303","23-C","298-M","Kempegowda Bus Stand","DEVANAHALLI","YELAHANKA, CHIKKAJALA"
"304","23-C","298-MA","Kempegowda Bus Stand","BOMMAVARA","HEBBAL, KANNAMANGALA GATE"
"305","23-C","402-B","Kempegowda Bus Stand","YELAHANKA NEW TOWN 5TH STAGE","HEBBAL, YELAHANKA NEW TOWN"
"306","24","108-B","Kempegowda Bus Stand","GANGANAGAR","VASANTHANAGAR, MUNIREDDYPALYA"
"307","24","111-C","Kempegowda Bus Stand","KAVALBYRASANDRA","VASANTHANAGAR, MUNIREDDYPALYA"
"308","24","114-C","Kempegowda Bus Stand","SULTHANAPALYA","VASANTHANAGAR, MUNIREDDYPALYA"
"309","24","415-A","Kempegowda Bus Stand","SHYAMPUR","VASANTHANAGAR, HMT LAYOUT"
"310","24","415-B","Kempegowda Bus Stand","VISHWANATHA NAGENAHALLI","VASANTHANAGAR, HMT LAYOUT"
"311","25","104","Kempegowda Bus Stand","SADASHIVANAGAR","CENTRAL, MALLESHWARAM"
"312","25-A","145","Kempegowda Bus Stand","NEELASANDRA","CORPORATION, NANJAPPA CIRCLE, AUSTIN TOWN"
"313","25-A","145-A","Kempegowda Bus Stand","NEELASANDRA ROSE GARDEN","CORPORATION, NANJAPPA CIRCLE, AUSTIN TOWN, NEELASANDRA"
"314","25-A","146","Kempegowda Bus Stand","VIVEK NAGAR","CORPORATION, NANJAPPA CIRCLE, AUSTIN TOWN"
"315","25-A","146-B","Kempegowda Bus Stand","SRINIVAGILU","CORPORATION, NANJAPPA CIRCLE, AUSTIN TOWN, EJIPURA"
"316","25-A","146-E","Kempegowda Bus Stand","EJIPURA","CORPORATION, NANJAPPA CIRCLE, AUSTIN TOWN, VIVEK NAGAR"
"317","25-B","340-A","Kempegowda Bus Stand","H.S.R. LAYOUT (CAMBRIDGE SCHOOL)","MAHARANI COLLEGE, DIARY CIRCLE, AGARA, PARANGIPALYA"
"318","25-B","340-M","Kempegowda Bus Stand","H.S.R. 2ND SECTOR (CAMBRIDGE SCHOOL)","MAHARANI COLLEGE, WILSON GARDEN, JAKKASANDRA, PARANGIPALYA"
"319","25-B","340-L","Kempegowda Bus Stand","HOSUR MAIN ROAD","CORPORATION, BELLANDUR MAIN ROAD, CENTRAL JAIL"
"320","25-B","340-H","Kempegowda Bus Stand","KORAMANGALA","CORPORATION, DIARY CIRCLE"
"321","25-B","340-G","Kempegowda Bus Stand","BDA COMPLEX","ADUGODI, JAKKASANDRA, H.S.R. LAYOUT 2ND SECTOR"
"322","25-B","340-F","Kempegowda Bus Stand","PARANGIPALYA","WILSON GARDEN, ADUGODI"
"323","25-B","341-D","Kempegowda Bus Stand","BELANDURU","CORPORATION, DIARY CIRCLE, AGADA"
"324","25-B","341-E","Kempegowda Bus Stand","HARALUR","CORPORATION, JAKKASANDRA, HARALUR CROSS"
"325","25-B","342-F","Kempegowda Bus Stand","SARJAPUR","CORPORATION, JAKKASANDRA, DODDAKANNELLI, AMERE"
"326","26","KBS-3A","Kempegowda Bus Stand","ATTIBELE","MADIWALA, BOMMANAHALLI, SINGASANDRA, HEBBAGODI, CHANDAPURA"
"327","26","KBS-3C","Kempegowda Bus Stand","CHANDAPURA","MADIWALA, BOMMANAHALLI, SINGASANDRA, HEBBAGODI, NARAYANA HRUDAYALAYA"
"328","26","KBS-3E","Kempegowda Bus Stand","ELECTRONIC CITY WIPRO GATE","MADIWALA, BOMMANAHALLI, KONAPPANA AGRAHARA"
"329","26","342-F","Kempegowda Bus Stand","SARJAPURA","CORPORATION, SHANTHI NAGAR, KORAMANGALA 1ST BLOCK, BELLANDUR GATE"
"330","26","343-A","Kempegowda Bus Stand","HULLAHALLI","MADIWALA, BOMMANAHALLI, HONGSANDRA, BETTADASANAPURA CROSS"
"331","26","343-B","Kempegowda Bus Stand","KODICHIKKANAHALLI","LALBAGH"
"332","26","343-L","Kempegowda Bus Stand","HONGASANDRA MICO LAYOUT","MADIWALA, BOMMANAHALLI, HONGASANDRA"
"333","26","343-K","Kempegowda Bus Stand","VISHWAPRIYA LAYOUT","MADIWALA, BOMMANAHALLI, HONGASANDRA"
"334","26","344-B","Kempegowda Bus Stand","BETTADASANAPURA","MADIWALA, BOMMANAHALLI, BEGURU"
"335","26-A","346-C","Kempegowda Bus Stand","RAYASANDRA","BANGLORE DAIRY, MADIWALA, KUDLE GATE, HOSA ROAD"
"336","26-A","346-H","Kempegowda Bus Stand","PARAPPANA AGRAHARA","BANGLORE DAIRY, MADIWALA, KUDLE GATE, HOSA ROAD"
"337","26-A","346-CK","Kempegowda Bus Stand","KARNATAKA SLUM BOARD","MADIWALA, HOSA ROAD, CENTRAL JAIL"
"338","26-A","347-H","Kempegowda Bus Stand","BASAPURA","MADIWALA, SINGASANDRA, HOSA ROAD"
"339","26-A","346-N","Kempegowda Bus Stand","DODDATHOGURU MUNESHWARA TEMPLE","MADIWALA, SINGASANDRA, KONAPPANA AGRAHARA"
"340","26-A","346-V","Kempegowda Bus Stand","DODDANAGAMANGALA","MADIWALA, BOMMANAHALLI, SINGASANDRA"
"341","26-A","347-B","Kempegowda Bus Stand","KUDLU","MADIWALA, BOMMANAHALLI"
"342","26-A","347-C","Kempegowda Bus Stand","CHIKKA BEGUR","MADIWALA, BOMMANAHALLI, HOSA ROAD"
"343","26-A","347-HD","Kempegowda Bus Stand","DEVENDRA NAGAR (CHIKKATHOGURU)","MADIWALA, BOMMANAHALLI, HOSA ROAD, CHIKKATHOGURU"
"344","26-A","347-E","Kempegowda Bus Stand","SOMASUNDARAPALYA","MADIWALA, BOMMANAHALLI, KUDLUGATE"
"345","26-A","347-L","Kempegowda Bus Stand","HOSAPALYA","MADIWALA, BOMMANAHALLI, KUDLUGATE, SOMASUNDARAPALYA"
"346","26-A","348","Kempegowda Bus Stand","MANGAMMANA PALYA","MADIWALA, SI APARTMENT"
"347","26-B","351-A","Kempegowda Bus Stand","NARAYANAGHATTA","MADIWALA, HEBBAGODI, CHANDAPURA, RAMASANDRA"
"348","26-B","351-J","Kempegowda Bus Stand","HANDENAHALLI","MADIWALA, HEBBAGODI, CHANDAPURA, RAMASANDRA, MUTTA NELLORU"
"349","26-B","352-A","Kempegowda Bus Stand","HENNAGARA","MADIWALA, HEBBAGODI, KITHAGANUR"
"350","26-B","352-B","Kempegowda Bus Stand","MASTENAHALLI","MADIWALA, HEBBAGODI, HENNAGARA"
"351","26-B","353-C","Kempegowda Bus Stand","JIGANI","MADIWALA, HEBBAGODI, HINMAKKI, SHITANAYAKANAHALLI, MADAPATTANA"
"352","26-B","354-B","Kempegowda Bus Stand","SHETTIHALLI","LALBAGH, MADIWALA, HEBBAGODI, CHANDAPURA, HIGGALURU"
"353","26-B","354-C","Kempegowda Bus Stand","MARASUR","MADIWALA, HEBBAGODI, CHANDAPURA, HIGGALURU"
"354","26-B","355-A","Kempegowda Bus Stand","SRIRAMPURA","MADIWALA, HEBBAGODI, ARMADALLI"
"355","26-B","355-E","Kempegowda Bus Stand","BANDENALLASANDRA","MADIWALA, HEBBAGODI, BIOCON FACTORY, KYALASANAHALLI"
"356","26-C","356-A","Kempegowda Bus Stand","THATTNAHALLI","MADIWALA, HEBBAGODI, CHANDAPURA, HIGGALURU"
"357","26-C","356-D","Kempegowda Bus Stand","SAMPIGENAGAR","MADIWALA, KUDLUGATE, HUSKUR GATE"
"358","26-C","356-H","Kempegowda Bus Stand","SURYANAGAR (CHANDAPUR)","MADIWALA, HEBBAGODI, CHANDAPURA"
"359","26-C","356-M","Kempegowda Bus Stand","ANEKAL","MADIWALA, HEBBAGODI, CHANDAPURA, JGGALURU, TARAPUR GATE"
"360","26-C","356-CB","Kempegowda Bus Stand","ELECTRONIC CITY 2ND STAGE","MADIWALA, KONAPPANA AGRAHARA"
"361","26-C","358-A","Kempegowda Bus Stand","SAMANDURU","MADIWALA, HEBBAGODI, CHANDAPURA, GUTTADAHATTI CROSS, KAMBLIPURA TEMPLE"
"362","26-C","360-B","Kempegowda Bus Stand","ATTIBELE","MADIWALA, HEBBAGODI, CHANDAPURA"
"363","26-C","360-J","Kempegowda Bus Stand","ATTIBELE","LALBAGH, MADIWALA, HEBBAGODI, CHANDAPURA"
"364","27","365","Kempegowda Bus Stand","BANNERGHATTA NATIONAL PARK","BANGALORE DAIRY, GOTTIGERE, KALKERE"
"365","27","365-C","Kempegowda Bus Stand","KOPPA","BANGALORE DAIRY, BILEKANAHALLI, BASAVANAPURA, KOPPA GATE"
"366","27","365-D","Kempegowda Bus Stand","BILVARADAHALLI","BANGALORE DAIRY, GOTTIGERE, BASAVANAPURA"
"367","27","365-E","Kempegowda Bus Stand","SHANUBHOGANAHALLI","BANGALORE DAIRY, GOTTIGERE, BILAVARADAHALLI"
"368","27","365-F","Kempegowda Bus Stand","NOSENURU","BANGALORE DIARY, GOTTIGERE, KOPPA GATE, JIGANI, HARAGADDE"
"369","27","365-J","Kempegowda Bus Stand","JIGANI","BANGALORE DIARY, GOTTIGERE, BANNERGHATTA CIRCLE, KOPPA GATE"
"370","27","365-N","Kempegowda Bus Stand","GEDDENAHALLI","BANGALORE DIARY, GOTTIGERE, JIGANI, GOWDANAHALLI"
"371","27","365-P","Kempegowda Bus Stand","ANEKAL","BANGALORE DIARY, GOTTIGERE, BANNERGHATTA CIRCLE, HARAGADDE"
"372","27-A","369-C","Kempegowda Bus Stand","HULIMAVU","BANGALORE DIARY, BILEKANAHALLI, HULIMAVU GATE"
"373","27-A","369-D","Kempegowda Bus Stand","SHANTINIKETAN LAYOUT","BANGALORE DIARY, BILEKANAHALLI, AREKERE GATE"
"374","27-A","369-J","Kempegowda Bus Stand","C.K. PALYA","BANGALORE DIARY, HULIMAVU GATE, CHIKKAMMANAHALLI"
"375","27-A","365-Q","Kempegowda Bus Stand","DYAVASANDRA","BANGALORE DIARY, HULIMAVU GATE, JIGANI HARAGADDE"
"376","27-A","365-R","Kempegowda Bus Stand","BASAVANAPURA","BANGALORE DIARY, HULIMAVU GATE, GOTTIGERE"
"377","27-A","365-W","Kempegowda Bus Stand","VADERA MANCHENAHALLI","BANGALORE DIARY, HULIMAVU GATE, KALKERE, JIGANI"
"378","27-A","367-F","Kempegowda Bus Stand","PILLAGANAHALLI","BANGALORE DIARY, HULIMAVU GATE, BASAVANAPURA GATE"
"379","27-A","369-CA","Kempegowda Bus Stand","CHIKKAMMANAHALLI","BANGALORE DIARY, BILEKANAHALLI, HULIMAVU"
"380","27-A","369-H","Kempegowda Bus Stand","MICO SHRAMAJEEVI COLONY","BANGALORE DIARY, BILEKANAHALLI, AREKERE GATE"
"381","27-A","369-F","Kempegowda Bus Stand","HOMMADEVANAHALLI","BANGALORE DIARY, BILEKANAHALLI, CHIKKAMMANAHALLI"
"382","27-A","372-F","Kempegowda Bus Stand","NISARGA BADAVANE","BANGALORE DIARY, BILEKANAHALLI, KALKERE, KOPPA GATE"
"383","28","304-R","Kempegowda Bus Stand","B.N. BACHE GOWDA BADAVANE","CORPORATION,HALASURU, K.R. PURAM RAILWAY STATION, CHANNASANDRA, MEDIMALLASANDRA, NARAYANAKERE"
"384","28","304-L","Kempegowda Bus Stand","MEDIMALLASANDRA","CORPORATION, HALASURU, K.R. PURAM RAILWAY STATION, GARUDACHAR PALYA, HOODI, BODANA HOSAHALLI, DUNNASANDRA"
"385","28","304-X","Kempegowda Bus Stand","AREHALLI","HALASURU, K.R. PURAM RAILWAY STATION, CHANNASANDRA, DUNNASANDRA"
"386","28","304-J","Kempegowda Bus Stand","KALKUNTE AGRAHARA","CORPORATION, HALASURU, GARUDACHAR PALYA, HOPE FARM, DUNNASANDRA"
"387","28","304-Z","Kempegowda Bus Stand","CHIKKA THIRUPATHI","GARUDACHAR PALYA, BODANA HOSAHALLI, KALKUNTE AGRAHARA"
"388","28","305-D","Kempegowda Bus Stand","CHANNASANDRA","HALASURI, GARUDACHAR PALYA, HOPE FARM"
"389","28","305-S","Kempegowda Bus Stand","SOURYA HOSPITAL","HALASURU, GARUDACHAR PALYA, CHANNASANDRA, NADUVATTI"
"390","28-A","315-J","Kempegowda Bus Stand","RAMPURA","HALASURU, K.R. PURAM, AVALAHALLI, BIDARAHALLI, ADURU"
"391","28-A","315-K","Kempegowda Bus Stand","K.R. PURAM","HALASURU, BENNIGANAHALLI, CHANNASANDRA BRIDGE, RAMURTHY NAGAR"
"392","28-A","315-L","Kempegowda Bus Stand","RAMAMURTHY NAGAR","HALASURU, BENNIGANAHALLI BRIDGE, RING ROAD"
"393","28-A","315-P","Kempegowda Bus Stand","SHANTI LAYOUT","HALASURU, BENNIGANAHALLI, RAMURTHY NAGAR, KOWDENAHALLI"
"394","28-A","315-T","Kempegowda Bus Stand","KITHAGANUR","HALASURU, BENNIGANAHALLI, KOWDENAHALLI, T.C. PALYA"
"395","28-A","315-V","Kempegowda Bus Stand","KADUGODI BALAJI CIRCLE","HALASURU, K.R. PURAM, SADARAMANGALA, HOODI"
"396","28-B","316-B","Kempegowda Bus Stand","BUDIGERE","HALASURU, K.R. PURA, AVALAHALLI, BUDIGERE CROSS"
"397","28-B","316-E","Kempegowda Bus Stand","CHEEMASANDRA","HALASURU, K.R. PURA, AVALAHALLI, CHEEMASANDRA CROSS"
"398","28-B","316-G","Kempegowda Bus Stand","MANDURU","HALASURU, K.R. PURA, AVALAHALLI, BUDIGERE CROSS"
"399","28-B","316-M","Kempegowda Bus Stand","SINGRAHALLI","HALASURU, K.R. PURA, BUDIGERE CROSS, BUDIGERE"
"400","28-B","317-A","Kempegowda Bus Stand","HOSAKOTE","HALASURU, K.R. PURA, BUDIGERE CROSS"
"401","28-B","317-P","Kempegowda Bus Stand","KANNAMANGALA","HALASURU, K.R. PURA, BUDIGERE CROSS, KAJI SONNENAHALLI"
"402","28-B","317-V","Kempegowda Bus Stand","POOJENA AGRAHARA (NADUVATTI)","HALASURU, K.R.PURA, BUDIGERE CROSS, HOSAKOTE, KODIHALLI, BASAVANAHALLI"
"403","28-B","381","Kempegowda Bus Stand","THIMMASANDRA","HALASURU, K.R.PURA, BATTARAHALLI, BUDIGERE CROSS, HOSAKOTE"
"404","28-B","381-E","Kempegowda Bus Stand","KAMBIPURA","HALASURU, K.R.PURA, BATTARAHALLI, BUDIGERE CROSS, HOSAKOTE"
"405","28-B","381-A","Kempegowda Bus Stand","POOJENA AGRAHARA","HALASURU, K.R.PURA, BATTARAHALLI, BUDIGERE CROSS, HOSAKOTE"
"406","28-B","HK-12","Kempegowda Bus Stand","HOSAKOTE","HALASURU, K.R.PURA, BATTARAHALLI, BUDIGERE CROSS, HOSAKOTE"
"407","29","319-F","Kempegowda Bus Stand","BATTANDURU AGRAHARA","HALASURU, GARUDACHAR PALYA, HOODI, AGRAHARA"
"408","29","319-J","Kempegowda Bus Stand","AMBEDKAR NAGAR","HALASURU, GARUDACHAR PALYA, HOODI, BA AGRAHARA"
"409","29","320-A","Kempegowda Bus Stand","NAGONDANAHALLI","HALASURU, GARUDACHAR PALYA, HOODI, IMMADIHALLI"
"410","29","321-J","Kempegowda Bus Stand","MUTTUKURU","HALASURU, GARUDACHAR PALYA, HOODI, NAGANAYAKANAKOTE"
"411","29","322-A","Kempegowda Bus Stand","THATHANUR","HALASURU, CHANNASANDRA, MATKAGURU, MUTHUGADAHALLI"
"412","29-A","323-AK","Kempegowda Bus Stand","GONIGHATTAPURA","MARATHAHALLI, VARTHUR, RAMAGONDANAHALLI"
"413","29-A","232-F","Kempegowda Bus Stand","NERIGE","MARATHAHALLI, VARTHUR, GUNJURU"
"414","29-A","325-A","Kempegowda Bus Stand","HAROHALLI","MARATHAHALLI, SIDDAPURA, VARTHUR"
"415","29-A","327-A","Kempegowda Bus Stand","DOMMASANDRA","MARATHAHALLI, VARTHUR, GUNJURU"
"416","29-A","327-G","Kempegowda Bus Stand","KUGUR","MARATHAHALLI, SIDDAPURA, VARTHUR, NERIGE"
"417","29-A","327-K","Kempegowda Bus Stand","SARJAPURA","MARATHAHALLI, KADUBISANAHALLI, KANNALI, KODATIGET, HEMARE"
"418","29-A","328-E","Kempegowda Bus Stand","VARTHUR","MARATHAHALLI, SIDDAPURA, KODI"
"419","29-A","328-M","Kempegowda Bus Stand","MADHURA NAGAR","MARATHAHALLI, SIDDAPURA, VARTHUR"
"420","29-B","334-C","Kempegowda Bus Stand","NAGASANDRA","DOMLURU, N.A.L., GOLF CLUB"
"421","29-B","334-D","Kempegowda Bus Stand","VARTHUR","DOMLURU, HAL, MARATHAHALLI, KODI"
"422","29-B","335-AA","Kempegowda Bus Stand","WHITEFIELD TTMC","MARATHAHALLI, KUNDALAHALLI, GRAPHIT INDIA"
"423","29-B","335-N","Kempegowda Bus Stand","KADUGODI","DOMLURU, HAL, MARATHAHALLI, ITPL, HOPE FARM"
"424","29-B","335-F","Kempegowda Bus Stand","LAL BAHADUR SHASTRI NAGAR","DOMLURU, HAL"
"425","29-B","336-B","Kempegowda Bus Stand","KEMPAPURA","DOMLURU, HAL, YAMALURU"
"426","29-B","KBS-1I","Kempegowda Bus Stand","KADUGODI","DOMLURU, HAL, MARATHAHALLI, ITPL, VAIDEHI"
"427","29-B","KBS-1K","Kempegowda Bus Stand","KADUGODI","DOMLUR, MARATHAHALLI, SIDDAPURA, KODI, WHITEFIELD"